F,201208,201210,Chrysler,ab01,0,0,30,1.376466621,1.831022719,1.602424762,1.379514422
F,201208,201210,Chrysler,ab01x1,0,0,30,0.446925778,0.620803232,0.845512367,0.484097901
F,201208,201210,Chrysler,ab01x2,0,0,30,0.110660829,0.161972293,0.179359547,0.112763669
F,201208,201210,Chrysler,ab01x3,0,0,30,0.324768814,0.42418124,0.469286304,0.325569078
F,201208,201210,Chrysler,ab01x4,0,0,30,0.180812823,0.241394352,0.260374985,0.198705762
F,201208,201210,Chrysler,ab01x5,0,0,30,0.202734386,0.265735788,0.352130625,0.132153956
F,201208,201210,Chrysler,ab01x6,0,0,30,0.006406693,0.006406693,0.006406693,0.000538854
F,201208,201210,Chrysler,ab01x7,0,0,30,-0.001324982,0.022069747,0.292693779,0
F,201208,201210,Chrysler,ab02x1,0,0,30,0.246906586,0.320006401,0.359663865,0.264293919
F,201208,201210,Chrysler,ab02x2,0,0,30,0.437634911,0.5736899,0.674200023,0.433031869
F,201208,201210,Chrysler,ab02x3,0,0,30,0.149779944,0.200353255,0.23615669,0.149984336
F,201208,201210,Chrysler,ab02x4,0,0,30,0.53500906,0.841213412,1.052537926,0.643887373
F,201208,201210,Chrysler,ab02x5,0,0,30,0.604903331,0.898466676,1.033318341,0.697325788
F,201208,201210,Chrysler,ab02x7,0,0,30,1.783610048,2.203093769,1.88472812,2.368494537
F,201208,201210,Chrysler,ab08p,0,0,30,0.348107732,0.374316437,0.393939074,0.359284042
F,201208,201210,Chrysler,ab09x1p,0,0,30,0,0,0,0
F,201208,201210,Chrysler,ab11p,0,0,30,0.324808581,0.608609152,0.751383052,0.218844075
F,201208,201210,Chrysler,adm12p,0,0,70,0.068642088,0.049223525,0.086276206,0.055248296
F,201208,201210,Chrysler,adm13p,0,0,70,0.064868386,0.045138908,0.094178972,0.060250707
F,201208,201210,Chrysler,adm15p,0,0,70,0.099788308,0.083733279,0.129440032,0.080397703
F,201208,201210,Chrysler,adm17p,0,0,70,0.21299703,0.161349941,0.283728031,0.195896706
F,201208,201210,Chrysler,adm18x7p,0,0,70,0.265309857,0.101452726,0.307608344,0.226166913
F,201208,201210,Chrysler,adm52,0,0,70,20,15,34,31
F,201208,201210,Chrysler,bs07x3,0,0,30,6.549522614,7.765093133,8.276426809,9.397678451
F,201208,201210,Chrysler,bs19x1,0,0,70,40.91879489,29.49401087,55.75064788,40.53703389
F,201208,201210,Chrysler,bs19x2,0,0,30,20.3197723,13.61303478,38.13074725,2.521410901
F,201208,201210,Chrysler,bs19x5,0,0,70,20.3197723,13.61303478,26.27046346,25.68249372
F,201208,201210,Chrysler,bs19x6,0,0,30,0,0,0,0
F,201208,201210,Chrysler,bs19x7,0,0,70,9.778368695,6.506380639,17.75381805,7.55638833
F,201208,201210,Chrysler,bs21x1,0,0,70,2.496323835,1.287482106,3.600974886,2.483117119
F,201208,201210,Chrysler,bs21x2,0,0,30,1.02555235,0.294079875,1.262719965,1.195746414
F,201208,201210,Chrysler,bs21x3,0,0,30,1.425401948,1.736750656,1.663758988,1.611420715
F,201208,201210,Chrysler,bs22x2,0,0,30,0.229801726,0.305046311,0.324062564,1.136174479
F,201208,201210,Chrysler,bs23x1,0,0,70,15.0987516,31.89155543,15.24077397,83.50012375
F,201208,201210,Chrysler,bs24,0,0,30,0.804414007,0.61987342,0.906465107,0.770050212
F,201208,201210,Chrysler,dway08p,0,0,70,1.739918402,1.739918402,1.739918402,1.739918402
F,201208,201210,Chrysler,dway11p,0,0,70,0.506960547,0,0.506960547,0.506960547
F,201208,201210,Chrysler,dway12p,0,0,70,0.084418082,0,0.084418082,0.084418082
F,201208,201210,Chrysler,dway13p,0,0,30,2.826764432,0,0,0.422542464
F,201208,201210,Chrysler,dway14p,0,0,70,0.493039453,0.493039453,0.493039453,0.493039453
F,201208,201210,Chrysler,dway15p,0,0,30,0,0,0,0
F,201208,201210,Chrysler,dway16p,0,0,30,0.493039453,0.493039453,0.493039453,0.493039453
F,201208,201210,Chrysler,dway17p,0,0,30,0.493039453,0.493039453,0.493039453,0.493039453
F,201208,201210,Chrysler,dway18p,0,0,70,0,0,0,0.216140575
F,201208,201210,Chrysler,dway18x10p,0,0,30,1.175508072,0,1.175508072,1.175508072
F,201208,201210,Chrysler,dway18x7p,0,0,30,0.898609193,0,0.898609193,1.175508072
F,201208,201210,Chrysler,dway18x8p,0,0,30,1.563506672,0,1.563506672,1.563506672
F,201208,201210,Chrysler,fi02u,0,0,30,9683.29096,13747.77429,14499.67545,7013.33202
F,201208,201210,Chrysler,FI02X1,0,0,30,10481.23,10481.23,10481.23,438.1331686
F,201208,201210,Chrysler,FI02X10,0,0,30,106879.91,106879.91,160910.385,13452.65333
F,201208,201210,Chrysler,FI02X11,0,0,30,7675.44,26998.5,51203.67667,7119.452159
F,201208,201210,Chrysler,FI02X12,0,0,30,35633.73,35633.73,44560.465,44560.465
F,201208,201210,Chrysler,FI02X2,0,0,30,0,0,0,0
F,201208,201210,Chrysler,FI02X3,0,0,30,-3985.58,-3985.58,-755.01,-63.12139388
F,201208,201210,Chrysler,FI02X4,0,0,30,612744,982290.52,0,616319.5827
F,201208,201210,Chrysler,FI02X5,0,0,30,147469.07,147469.07,147469.07,6164.45693
F,201208,201210,Chrysler,FI02X6,0,0,30,32370.3,46552,113297.36,67233.27687
F,201208,201210,Chrysler,FI02X7,0,0,30,201479,220090.13,289570.4563,176196.0725
F,201208,201210,Chrysler,FI02X8,0,0,30,35201.24,129765.05,178754.32,113139.4938
F,201208,201210,Chrysler,FI02X9,0,0,30,0,0,0,0
F,201208,201210,Chrysler,fi03u,0,0,30,3896.872813,7219.908133,8479.035683,4698.992974
F,201208,201210,Chrysler,FI03X1,0,0,30,8640,8640,8640,786.7744254
F,201208,201210,Chrysler,FI03X10,0,0,30,-114.04,-114.04,28209.275,5137.577807
F,201208,201210,Chrysler,FI03X11,0,0,30,23944.61,32362,101093.9367,53343.89703
F,201208,201210,Chrysler,FI03X12,0,0,30,0,0,0,0
F,201208,201210,Chrysler,FI03X2,0,0,30,71863.72,71863.72,71863.72,6544.043635
F,201208,201210,Chrysler,FI03X3,0,0,30,-6741.05,-6741.05,-6741.05,-613.8525162
F,201208,201210,Chrysler,FI03X4,0,0,30,200577.12,539050.01,308472.585,634457.1313
F,201208,201210,Chrysler,FI03X5,0,0,30,3100,3100,5622.2,1023.93592
F,201208,201210,Chrysler,FI03X6,0,0,30,36282.46,52537.64,81519.06,32120.6906
F,201208,201210,Chrysler,FI03X7,0,0,30,49435,147757.03,192582.1614,239006.0663
F,201208,201210,Chrysler,FI03X8,0,0,30,11212,48550.17,54241.61143,28193.73553
F,201208,201210,Chrysler,FI03X9,0,0,30,0,0,0,0
F,201208,201210,Chrysler,fi04x1p,0,0,70,0.027312869,0.042483004,0.041946319,0.019549517
F,201208,201210,Chrysler,fi04x2p,0,0,70,0.01766003,0.019985222,0.023190913,0.017901123
F,201208,201210,Chrysler,fi08p,0,0,30,0.808252203,0.896641935,0.949905996,0.792195559
F,201208,201210,Chrysler,fi08u,0,0,70,7179.925628,9324.428768,11860.62673,5764.103156
F,201208,201210,Chrysler,fi08x20p,0,0,30,0.150689615,0.173372457,0.187387987,0.150194295
F,201208,201210,Chrysler,fi09x15p,0,0,30,0.765823197,0.855874028,0.889299752,0.72938079
F,201208,201210,Chrysler,fi11p,0,0,70,0.095112823,-0.005843599,0.132276176,0.041914713
F,201208,201210,Chrysler,fi12p,0,0,30,0.095112823,-0.005843599,0.137756036,0.046070783
F,201208,201210,Chrysler,fi13p,0,0,30,-0.016439579,0,-0.016439579,-0.00415607
F,201208,201210,Chrysler,fi14p,0,0,30,1,1,1.000556148,0.878793289
F,201208,201210,Chrysler,fi14x11p,0,0,30,0.706114871,0.855874028,0.87310971,0.69617614
F,201208,201210,Chrysler,fi15p,0,0,30,0.001418086,0,0.001418086,0.000358505
F,201208,201210,Chrysler,fi16p,0,0,30,1,1,1.000556148,0.878434784
F,201208,201210,Chrysler,fi17p,0,0,70,1,1,1.000556148,0.878434784
F,201208,201210,Chrysler,fi18p,0,0,30,0.734690143,0.854101473,0.872074484,0.655223166
F,201208,201210,Chrysler,fi18u,0,0,30,5884.692329,7854.810253,9402.647023,3776.773921
F,201208,201210,Chrysler,fi18x1,0,0,30,0.575673922,0.724008397,0.759172342,0.519064882
F,201208,201210,Chrysler,fi18x10p,0,0,30,0.214322424,0.094222806,0.389099616,0.344776834
F,201208,201210,Chrysler,fi18x7p,0,0,30,0.145898527,0.091989905,0.263524292,0.344776834
F,201208,201210,Chrysler,fi18x8p,0,0,30,0.095112823,0.071536033,0.251077264,0.096303424
F,201208,201210,Chrysler,fi24x11p,0,0,30,0.734690143,0.854101473,0.872074484,0.695892135
F,201208,201210,Chrysler,fi51x1,0,0,30,456562.8086,794528.75,0,487250.58
F,201208,201210,Chrysler,fi51x2,0,0,70,206843.3367,280069.1153,0,319257.8679
F,201208,201210,Chrysler,fi51x8,0,0,30,1,1,2.030272727,1.888833333
F,201208,201210,Chrysler,fi54,0,0,70,6854.078789,10870.75803,10068.63099,18408.09163
F,201208,201210,Chrysler,fi55,0,0,70,5828.124809,5854.078789,7184.296165,12061.40809
F,201208,201210,Chrysler,is02p,0,0,70,0.147302331,0.161035129,0.171386466,0.140727042
F,201208,201210,Chrysler,is03p,0,0,70,0.136175491,0.106993486,0.162676919,0.140438324
F,201208,201210,Chrysler,is10p,0,0,70,0.123225846,0.145684471,0.151670512,0.120963572
F,201208,201210,Chrysler,is11p,0,0,30,0.399782775,0.291930331,0.523128092,0.450912469
F,201208,201210,Chrysler,is12p,0,0,30,0.2575887,0.194379836,0.351098997,0.293549127
F,201208,201210,Chrysler,is13p,0,0,30,0.108594577,0.083300597,0.206657382,0.157363342
F,201208,201210,Chrysler,is14p,0,0,30,0.425176543,0.549968846,0.562291625,0.408649207
F,201208,201210,Chrysler,is15p,0,0,30,0.108328928,0.09666421,0.144369052,0.094088213
F,201208,201210,Chrysler,is15x4p,0,0,30,0.094790251,0.084274554,0.126294448,0.075117162
F,201208,201210,Chrysler,is16p,0,0,30,0.299881993,0.458200155,0.501645516,0.314560994
F,201208,201210,Chrysler,is16x1p,0,0,30,0.054215618,0.073743328,0.081835847,0.044267238
F,201208,201210,Chrysler,is17p,0,0,30,0.276663675,0.457114006,0.491086243,0.292306227
F,201208,201210,Chrysler,is18x1p,0,0,30,0.05060799,0.073743328,0.079907373,0.037049342
F,201208,201210,Chrysler,is19x1,0,0,30,19.72023263,12.84952983,26.20881366,23.04449713
F,201208,201210,Chrysler,is20p,0,0,30,0.05086305,0.072151197,0.080065306,0.03871503
F,201208,201210,Chrysler,is20x1p,0,0,30,0.27350218,0.453857132,0.48904112,0.275107252
F,201208,201210,Chrysler,is62p,0,0,30,0.654703019,0.44976601,0.804952149,0.724892748
F,201208,201210,Chrysler,is62x1p,0,0,30,0.654703019,0.44976601,0.804952149,0.724892748
F,201208,201210,Chrysler,is63p,0,0,30,0.097175227,0.077829919,0.117947982,0.102012012
F,201208,201210,Chrysler,is64x1p,0,0,30,0.060954831,0.054687137,0.080004367,0.070184212
F,201208,201210,Chrysler,nveh02p,0,0,30,0.049465837,0.054407491,0.063428062,0.0494568
F,201208,201210,Chrysler,nveh02u,0,0,70,16538.53818,18991.4923,25426.26037,17742.48184
F,201208,201210,Chrysler,nveh03p,0,0,70,0.308872959,0.513767548,0.576159962,-0.057995028
F,201208,201210,Chrysler,nveh03u,0,0,70,958.3807438,2117.16642,2861.052876,-772.1938376
F,201208,201210,Chrysler,nveh04p,0,0,70,0.054847359,0.059310144,0.067583097,0.047304326
F,201208,201210,Chrysler,nveh04u,0,0,70,17582.34488,22107.85159,26688.69391,16970.288
F,201208,201210,Chrysler,nveh05p,0,0,70,1.24984E-06,1.72172E-06,4.80677E-05,0.003297118
F,201208,201210,Chrysler,nveh08p,0,0,70,0.096598121,0.116948233,0.122262138,0.09918168
F,201208,201210,Chrysler,nveh08u,0,0,70,37283.91543,45555.34091,45390.87379,35581.1366
F,201208,201210,Chrysler,nveh08x1p,0,0,70,0.13017861,0.150648089,0.161205941,0.118731197
F,201208,201210,Chrysler,nveh08x20p,0,0,30,0.38418909,0.441134168,0.463542868,0.397457669
F,201208,201210,Chrysler,nveh09p,0,0,70,0.284108309,0.212000674,0.337413062,0.275961587
F,201208,201210,Chrysler,nveh09x1u,0,0,30,3504.480828,2916.963333,5905.332163,3778.043442
F,201208,201210,Chrysler,nveh09x2u,0,0,70,1688.412097,1040.518781,0,1464.114682
F,201208,201210,Chrysler,nveh09x3u,0,0,30,1524,946.1212121,1860.819052,2522.134465
F,201208,201210,Chrysler,nveh09x4u,0,0,30,121.13904,0.575036496,0,249.8711316
F,201208,201210,Chrysler,nveh09x5u,0,0,70,1533.514628,1056.180292,0,1721.243289
F,201208,201210,Chrysler,nveh09x6u,0,0,30,38.27692308,20.20072993,38.27692308,48.37881853
F,201208,201210,Chrysler,nveh09x9u,0,0,30,17.72851976,17.27272727,17.72851976,35.24108473
F,201208,201210,Chrysler,nveh11p,0,0,30,0.238069356,0.175593807,0.360378973,0.222320707
F,201208,201210,Chrysler,nveh12p,0,0,30,0.214218756,0.155557846,0.318828556,0.196056173
F,201208,201210,Chrysler,nveh13p,0,0,70,0.0238506,0.018201142,0.047840137,0.026264535
F,201208,201210,Chrysler,nveh14p,0,0,30,0.480204517,0.573982184,0.581145217,0.501717706
F,201208,201210,Chrysler,nveh14x11p,0,0,30,0.045832186,0.065833202,0.068350762,0.049761205
F,201208,201210,Chrysler,nveh15p,0,0,30,0.004672392,0.000548044,0.045110497,0.013972558
F,201208,201210,Chrysler,nveh16p,0,0,30,0.445877068,0.520930371,0.566731176,0.487745148
F,201208,201210,Chrysler,nveh16x1p,0,0,30,0.045386239,0.063474514,0.065297333,0.048375383
F,201208,201210,Chrysler,nveh16x2u,0,0,70,731.7058824,289.9230769,2095.399022,804.3439959
F,201208,201210,Chrysler,nveh17p,0,0,70,0.417985343,0.492383511,0.547653816,0.465139238
F,201208,201210,Chrysler,nveh18p,0,0,30,0.013876355,0.033975028,0.045063827,0.022787117
F,201208,201210,Chrysler,nveh18u,0,0,30,5338.356239,10454.22305,13554.03823,8174.811311
F,201208,201210,Chrysler,nveh18x1,0,0,30,0.154965642,0.269950354,0.383328518,0.22975127
F,201208,201210,Chrysler,nveh18x10p,0,0,30,0.841281621,0.653266367,0.949742775,0.77024873
F,201208,201210,Chrysler,nveh18x7p,0,0,30,0.562354471,0.419401958,0.704697199,0.77024873
F,201208,201210,Chrysler,nveh18x8p,0,0,30,0.053198077,0.041147059,0.073157936,0.053048389
F,201208,201210,Chrysler,nveh19,0,0,30,0.139898471,0.212709104,0.388554974,0.201097618
F,201208,201210,Chrysler,nveh19x20,0,0,30,0.222148389,1.217854221,0.726056602,0.903826138
F,201208,201210,Chrysler,nveh19x22,0,0,30,26.19347739,16.34117021,37.95377623,21.897174
F,201208,201210,Chrysler,nveh19x8,0,0,30,8.553623031,3.791558588,16.53785972,36.2802664
F,201208,201210,Chrysler,nveh19x9,0,0,30,0.13989846,0.212709105,0.388554973,0.201097618
F,201208,201210,Chrysler,nveh22x11,0,0,30,4011779.333,4011779.333,4011779.333,7697294
F,201208,201210,Chrysler,nveh22x11u,0,0,30,12.667,0.333,18.8335,12.66666667
F,201208,201210,Chrysler,nveh22x12,0,0,30,1973967.667,1973967.667,3853080.667,3853080.667
F,201208,201210,Chrysler,nveh22x12u,0,0,30,6,6,10.6665,10.6665
F,201208,201210,Chrysler,nveh22x13,0,0,30,708623.137,348346,708623.137,3610992.823
F,201208,201210,Chrysler,nveh22x13u,0,0,30,4.667,1.334,14,9.778
F,201208,201210,Chrysler,nveh24x11p,0,0,30,0.018764579,0.036167236,0.046988298,0.048375383
F,201208,201210,Chrysler,nveh51x2,0,0,30,270825.1667,372684.1767,641578.8706,403214.8178
F,201208,201210,Chrysler,nveh51x3,0,0,30,52580.69278,82940.33733,184158.0335,92639.11635
F,201208,201210,Chrysler,nveh51x8,0,0,30,4,1.333,10.03711111,6.2708125
F,201208,201210,Chrysler,nveh52x8,0,0,30,4,1.334,8.508125,5.409357143
F,201208,201210,Chrysler,nveh53x2,0,0,30,161232.4621,201724.29,465850.068,229778.6732
F,201208,201210,Chrysler,nveh53x3,0,0,30,23641.29192,55904.71732,134080.9922,52791.94191
F,201208,201210,Chrysler,nveh54,0,0,30,5554.896453,6521.955949,7555.465857,12842.7675
F,201208,201210,Chrysler,nveh55,0,0,30,772.5413363,1390.420792,2677.501113,2950.642139
F,201208,201210,Chrysler,nveh56x1,0,0,30,6.888888889,9.133333333,12.44000934,11.33226356
F,201208,201210,Chrysler,nveh63,0,0,30,0.364507066,0.271701654,0.42789624,0.355604297
F,201208,201210,Chrysler,oth52,0,0,30,2,0,2,2
F,201208,201210,Chrysler,part01x12u,0,0,30,0.05096018,0.05096018,0.064710264,0.007839743
F,201208,201210,Chrysler,part01x1u,0,0,30,0,0,0,0
F,201208,201210,Chrysler,part01x2u,0,0,30,0,0,0,0
F,201208,201210,Chrysler,part01x3u,0,0,30,0.034233109,0.070902254,0.094897726,0.054275623
F,201208,201210,Chrysler,part01x4u,0,0,30,0.479880805,0.493792778,0.551819069,0.497723549
F,201208,201210,Chrysler,part01x5u,0,0,30,0.059017143,0.080953329,0.094499548,0.071499232
F,201208,201210,Chrysler,part01x6u,0,0,30,0.001539369,0.001944398,0.014691544,0.001622777
F,201208,201210,Chrysler,part01x7u,0,0,30,0.361701393,0.425436667,0.432951233,0.363549385
F,201208,201210,Chrysler,part01x8u,0,0,30,0.026741918,0.026741918,0.026741918,0.002743762
F,201208,201210,Chrysler,part01x9u,0,0,70,0.002032621,0.002032621,0.008769806,0.000745928
F,201208,201210,Chrysler,part02p,0,0,70,0.159047054,0.182664894,0.200128329,0.142155437
F,201208,201210,Chrysler,part02x10u,0,0,70,0.012917934,0.012917934,0.241937916,0.057628564
F,201208,201210,Chrysler,part02x1u,0,0,70,0,0,0,0
F,201208,201210,Chrysler,part02x2u,0,0,70,0,0,0,0
F,201208,201210,Chrysler,part02x3u,0,0,70,0.09062576,0.159590626,0.159691785,0.083006836
F,201208,201210,Chrysler,part02x4u,0,0,30,0.166461704,0.192148212,0.223334729,0.154188267
F,201208,201210,Chrysler,part02x5u,0,0,30,0.011504792,0.058242661,0.089813149,0.01845718
F,201208,201210,Chrysler,part02x6u,0,0,70,0.101447747,0.157376657,0.150116752,0.12735775
F,201208,201210,Chrysler,part02x7u,0,0,70,0.169320627,0.206479719,0.218336716,0.159959367
F,201208,201210,Chrysler,part02x8u,0,0,70,0.203653453,0.203653453,0.203653453,0.203653453
F,201208,201210,Chrysler,part02x9u,0,0,70,0.13342723,0.13342723,0.242739412,0.290927551
F,201208,201210,Chrysler,part03p,0,0,30,5.29037E-05,0.010293429,0.014235546,0.004381992
F,201208,201210,Chrysler,part03x1p,0,0,70,9.17357E-07,-4.2247E-05,9.17357E-07,0.001828604
F,201208,201210,Chrysler,part03x21p,0,0,30,0.011434807,0.011434807,0.011434807,0.000396261
F,201208,201210,Chrysler,part03x2p,0,0,30,0.047642173,0.054969429,0.059398158,0.045573907
F,201208,201210,Chrysler,part03x3p,0,0,30,-6.90295E-05,0.000206342,0.004245412,0.000683084
F,201208,201210,Chrysler,part03x4p,0,0,30,0.000338237,0.005811855,0.014126418,0.003362914
F,201208,201210,Chrysler,part08p,0,0,70,0.181501157,0.205922644,0.209586261,0.183743613
F,201208,201210,Chrysler,part08U,0,0,70,11605.04828,19003.63704,22588.17495,43814.54785
F,201208,201210,Chrysler,part08x20p,0,0,30,0.121224104,0.171539735,0.174271018,0.132005009
F,201208,201210,Chrysler,part09p,0,0,30,0.049580046,0.040241056,0.107198693,0.059810017
F,201208,201210,Chrysler,part11p,0,0,30,0.263962748,0.169753139,0.412235078,0.317289779
F,201208,201210,Chrysler,part12p,0,0,70,0.285216041,0.162712381,0.400483501,0.288234585
F,201208,201210,Chrysler,part13p,0,0,30,0.02605465,0.013163261,0.102789756,0.029055195
F,201208,201210,Chrysler,part14p,0,0,30,0.612311081,0.737533194,0.765381455,0.622900204
F,201208,201210,Chrysler,part14x11p,0,0,30,0.122713093,0.140338974,0.14980591,0.114453934
F,201208,201210,Chrysler,part15p,0,0,30,0.123585304,0.000731955,0.164143963,0.011285925
F,201208,201210,Chrysler,part16p,0,0,70,0.611579126,0.737533194,0.76530826,0.611614279
F,201208,201210,Chrysler,part16X1p,0,0,70,0.120503684,0.134731121,0.146638407,0.112380218
F,201208,201210,Chrysler,part17p,0,0,70,0.611579126,0.737533194,0.76530826,0.611614279
F,201208,201210,Chrysler,part18p,0,0,30,0.069902096,0.10107527,0.117127657,0.065280028
F,201208,201210,Chrysler,part18u,0,0,30,3289.5128,5483.054722,8810.061897,211.5758844
F,201208,201210,Chrysler,part18x1,0,0,30,0.349588597,0.599486755,0.641148576,0.355277805
F,201208,201210,Chrysler,part18x101p,0,0,30,0.614684176,0.351308821,0.80007079,0.644722195
F,201208,201210,Chrysler,part18x7p,0,0,30,0.350159205,0.233954356,0.510524686,0.644722195
F,201208,201210,Chrysler,part18x8p,0,0,30,0.060911384,0.04382959,0.090987415,0.071363396
F,201208,201210,Chrysler,part19x5,0,0,30,34.03254997,19.16685413,55.26910692,22.52683851
F,201208,201210,Chrysler,part19x6,0,0,30,0.617909572,1.367909737,1.316365842,0.87029184
F,201208,201210,Chrysler,part19x9,0,0,30,0.943647405,1.389703056,2.629124235,1.295825005
F,201208,201210,Chrysler,part24x1,0,0,30,0.774971235,0.774971235,0.774971235,0.774971235
F,201208,201210,Chrysler,part24x11p,0,0,30,0.069902096,0.10107527,0.117127657,0.112380218
F,201208,201210,Chrysler,part24x2,0,0,30,0.225028765,0,0.225028765,0.225028765
F,201208,201210,Chrysler,part24x3,0,0,30,0,0,0,0
F,201208,201210,Chrysler,part24x4,0,0,30,0,0,0,0
F,201208,201210,Chrysler,part51x1,0,0,30,163826.9756,168273.2,178499.5999,311353.2387
F,201208,201210,Chrysler,part51x2,0,0,30,42332.86,61393.55294,79770.44396,110616.8953
F,201208,201210,Chrysler,part51x8,0,0,30,4,1.333,5.708375,3.809571429
F,201208,201210,Chrysler,part52x8,0,0,30,8,2,13.28557143,8.769
F,201208,201210,Chrysler,part53x2,0,0,30,49739.75342,63601.02889,76583.83658,99238.71628
F,201208,201210,Chrysler,part53x3,0,0,30,14123.01974,28374.30796,53221.87627,35257.31332
F,201208,201210,Chrysler,part54,0,0,30,3649.637216,5019.805731,5659.316199,4147.154465
F,201208,201210,Chrysler,part55,0,0,30,1183.619451,3000.33263,3218.694023,1473.391936
F,201208,201210,Chrysler,part63,0,0,30,0.121224104,0.07907454,0.164957671,0.121734885
F,201208,201210,Chrysler,prod51x8,0,0,30,26.334,6.333,43.875125,30.98041176
F,201208,201210,Chrysler,prod52x8,0,0,30,33.997,15.001,50.52314286,39.26613333
F,201208,201210,Chrysler,prod53,0,0,70,43.667,15.999,73.77733333,65.627
F,201208,201210,Chrysler,prod53x2,0,0,30,74169.80413,84879.12506,80205.86409,103333.67
F,201208,201210,Chrysler,prod53x3,0,0,30,29939.25195,52005.40212,53378.80129,28427.84203
F,201208,201210,Chrysler,prod54,0,0,30,4881.229632,6206.862486,14195.82389,6244.989524
F,201208,201210,Chrysler,prod55,0,0,30,1484.380427,2874.287392,4122.695779,1718.041908
F,201208,201210,Chrysler,ra01x1,0,0,30,0.397216546,0.655314498,0.750734334,0.363831403
F,201208,201210,Chrysler,serv02x1p,0,0,30,0.642703599,0.7769219,0.772857656,0.65783075
F,201208,201210,Chrysler,serv02x2p,0,0,30,0.054484245,0.078663489,0.113940648,0.073664035
F,201208,201210,Chrysler,serv02x3p,0,0,30,0.094221727,0.116458095,0.134728813,0.096672513
F,201208,201210,Chrysler,serv02x6p,0,0,30,0.244017452,0.283638167,0.286548595,0.171832703
F,201208,201210,Chrysler,serv03p,0,0,30,0.776638571,0.82075127,0.875062247,0.644385813
F,201208,201210,Chrysler,serv03X15P,0,0,70,1,1,1,0.921265366
F,201208,201210,Chrysler,serv03x1p,0,0,70,0.700570485,0.778200041,0.841526272,0.682587852
F,201208,201210,Chrysler,serv03x2p,0,0,30,0.970097436,1,0.994888701,0.830774665
F,201208,201210,Chrysler,serv03x3p,0,0,70,0.991992864,1,0.998538015,0.885864136
F,201208,201210,Chrysler,serv04p,0,0,30,0.129056805,0.08212857,0.178422127,0.165790557
F,201208,201210,Chrysler,serv04x1p,0,0,30,0.126891946,0.180815644,0.191887992,0.134475434
F,201208,201210,Chrysler,serv05p,0,0,30,0.037646856,0.061676135,0.083130767,0.046374901
F,201208,201210,Chrysler,serv05x1p,0,0,30,0.860134763,0.997224447,0.962197358,0.685083811
F,201208,201210,Chrysler,serv06p,0,0,30,0.178715115,0.180146853,0.191575348,0.163409994
F,201208,201210,Chrysler,serv06x1p,0,0,30,0.432324637,0.467592578,0.590140889,0.367651733
F,201208,201210,Chrysler,serv07p,0,0,70,0.000215144,0.006304328,0.008437757,0.001488857
F,201208,201210,Chrysler,serv07x1p,0,0,30,1,1,1,0.388001974
F,201208,201210,Chrysler,serv08U,0,0,30,19226.35967,27983.11543,35756.6339,71787.86252
F,201208,201210,Chrysler,serv08x20p,0,0,30,0.229670547,0.261361211,0.289203857,0.233116004
F,201208,201210,Chrysler,serv10p,0,0,30,0.717010295,0.819907902,0.819730221,0.673504549
F,201208,201210,Chrysler,serv10x1p,0,0,30,0.973200452,1.034971926,1.070244997,0.927459076
F,201208,201210,Chrysler,serv11p,0,0,30,0.421143397,0.232450527,0.654523533,0.439964748
F,201208,201210,Chrysler,serv12p,0,0,30,0.380716885,0.199109576,0.568045637,0.390821532
F,201208,201210,Chrysler,serv13p,0,0,30,0.058764588,0.037725912,0.105413908,0.049143216
F,201208,201210,Chrysler,serv14p,0,0,30,0.518410449,0.758994582,0.738188617,0.560035252
F,201208,201210,Chrysler,serv14x11p,0,0,30,0.313903726,0.452392345,0.516744663,0.37718629
F,201208,201210,Chrysler,serv15p,0,0,30,0.025176987,0.002332161,0.158369728,0.01787396
F,201208,201210,Chrysler,serv16p,0,0,30,0.518410449,0.758994582,0.732895263,0.542161292
F,201208,201210,Chrysler,serv16X1p,0,0,30,0.417494365,0.447646559,0.558997904,0.365148096
F,201208,201210,Chrysler,serv17p,0,0,30,0.518410449,0.758994582,0.732895263,0.542161292
F,201208,201210,Chrysler,serv18p,0,0,30,0.206330726,0.360858882,0.42156177,0.186981141
F,201208,201210,Chrysler,serv18u,0,0,30,6521.332362,11255.0886,14074.652,270.8869277
F,201208,201210,Chrysler,serv18x1,0,0,30,0.286856965,0.488060521,0.552533704,0.277624169
F,201208,201210,Chrysler,serv18x10p,0,0,30,0.672569547,0.501926877,0.945433421,0.722375831
F,201208,201210,Chrysler,serv18x7p,0,0,30,0.421143397,0.232450527,0.71729454,0.722375831
F,201208,201210,Chrysler,serv18x8p,0,0,30,0.311382152,0.172803366,0.4986916,0.308356453
F,201208,201210,Chrysler,serv19x5,0,0,30,32.90613388,15.5773579,57.89006447,6.099609342
F,201208,201210,Chrysler,serv22x2,0,0,30,7.121528896,3.820082262,13.52906538,13.11222174
F,201208,201210,Chrysler,serv24x11p,0,0,30,0.220774938,0.360858882,0.424294211,0.365148096
F,201208,201210,Chrysler,SERV30X1,0,0,30,4565,7647,6640.628,17139.25875
F,201208,201210,Chrysler,SERV30X2,0,0,30,4961,8003,6430.2,19110.91733
F,201208,201210,Chrysler,SERV30X3,0,0,30,3211,5776,5642.833333,12190.72933
F,201208,201210,Chrysler,serv31,0,0,30,19,33,19,26.375
F,201208,201210,Chrysler,serv31x2,0,0,30,0.641459578,0.76503917,0.64474725,2.398448777
F,201208,201210,Chrysler,SERV32,0,0,30,0,0,0,0
F,201208,201210,Chrysler,serv33,0,0,30,7.9216,16.53336471,12.22748235,13.53728941
F,201208,201210,Chrysler,serv33x1,0,0,30,505,1054,1931.666667,863
F,201208,201210,Chrysler,serv33x4,0,0,30,1.709803922,0.99100346,8.568768948,5.147692329
F,201208,201210,Chrysler,serv34,0,0,30,2.915145815,3.515968842,3.656722597,3.844135929
F,201208,201210,Chrysler,SERV35,0,0,30,460.822031,473.3012537,474.4457722,320.9258601
F,201208,201210,Chrysler,serv36x1,0,0,30,1.100131924,1.180906153,1.331392733,1.567659884
F,201208,201210,Chrysler,serv36x2,0,0,70,1,1.149458376,1.201804361,0.896830772
F,201208,201210,Chrysler,serv36x3,0,0,70,0.971954858,1.128375387,1.200870102,1.405925624
F,201208,201210,Chrysler,serv38,0,0,70,1.419610251,1.726338532,1.662713641,1.579393701
F,201208,201210,Chrysler,SERV39X1,0,0,30,137,390,1078,379.8
F,201208,201210,Chrysler,SERV39X2,0,0,30,53,77,159.3333333,127.5
F,201208,201210,Chrysler,SERV39X3,0,0,30,83,418,560.6666667,261.8
F,201208,201210,Chrysler,serv39x4,0,0,30,131,131,288.5,199
F,201208,201210,Chrysler,serv40x1,0,0,30,17.97120662,24.60175859,23.74193315,10.09715731
F,201208,201210,Chrysler,serv51x111,0,0,30,64087.86556,68716.71417,80544.69056,93496.26428
F,201208,201210,Chrysler,serv51x2,0,0,30,15762.98979,24820.68167,43297.22726,25956.82268
F,201208,201210,Chrysler,serv51x4,0,0,30,235381.9795,286414.415,0,491697.6885
F,201208,201210,Chrysler,serv51x8,0,0,30,12,6,28.70388889,18.187625
F,201208,201210,Chrysler,serv52x8,0,0,30,6.667,5.333,17.958125,11.53306667
F,201208,201210,Chrysler,serv53x1,0,0,30,28641.4415,37571.23573,62627.91774,52389.60799
F,201208,201210,Chrysler,serv53x2,0,0,70,8444.458817,12301.96672,25305.90632,14544.62139
F,201208,201210,Chrysler,serv54,0,0,70,4126.347584,4890.435592,7316.438885,4471.82316
F,201208,201210,Chrysler,serv55,0,0,70,996.5606848,1817.632953,3480.136808,1241.486189
F,201208,201210,Chrysler,serv56x1,0,0,70,62371.22167,74329.85833,84536.34238,100809.0456
F,201208,201210,Chrysler,serv61,0,0,70,0.082755477,0.047845706,0.108083697,61.19564326
F,201208,201210,Chrysler,serv63x23,0,0,70,3.478875705,2.401883102,4.500329967,2.990168703
F,201208,201210,Chrysler,serv63x24,0,0,70,1.267541401,0.991715542,1.480744814,1.349930066
F,201208,201210,Chrysler,serv64,0,0,70,0.211527688,0.135996815,0.286295469,0.218616937
F,201208,201210,Chrysler,uveh01x1p,0,0,70,0.011658468,0.002242879,0.020287852,0.007737889
F,201208,201210,Chrysler,uveh01x2u,0,0,70,2883.03975,634.9022907,5548.547536,4780.600501
F,201208,201210,Chrysler,uveh01x3p,0,0,70,0.037644803,0.025667585,0.060785532,0.034966998
F,201208,201210,Chrysler,uveh01x3u,0,0,70,10656.27831,16650.2656,17348.83295,7201.070873
F,201208,201210,Chrysler,uveh01x4,0,0,70,220653.7065,254786.0551,276274.9234,205939.0621
F,201208,201210,Chrysler,uveh03p,0,0,30,0.294756897,0.40310771,0.593635027,-0.38608243
F,201208,201210,Chrysler,uveh03u,0,0,70,295.2210092,706.0257,2428.616073,-4562.953787
F,201208,201210,Chrysler,uveh04p,0,0,30,0.07293304,0.077494006,0.137202938,0.063282464
F,201208,201210,Chrysler,uveh04u,0,0,70,16383.33027,19215.92933,26495.61048,13032.33135
F,201208,201210,Chrysler,uveh05p,0,0,30,0.01653646,0.03123421,0.06315214,0.01113078
F,201208,201210,Chrysler,uveh08p,0,0,30,0.062417932,0.067726303,0.082857154,0.046084439
F,201208,201210,Chrysler,uveh08u,0,0,30,11178.24615,21372.23653,27120.39832,12097.03178
F,201208,201210,Chrysler,uveh08x1p,0,0,70,0.075173317,0.083841065,0.102667119,0.063985562
F,201208,201210,Chrysler,uveh08x1u,0,0,30,8617.837312,11427.01967,14773.86416,12097.03178
F,201208,201210,Chrysler,uveh08x20p,0,0,30,0.083596737,0.110479035,0.131572052,0.092358025
F,201208,201210,Chrysler,uveh09p,0,0,30,0.25587478,0.100428469,0.402272758,0.335045168
F,201208,201210,Chrysler,uveh09x1u,0,0,30,1668.124746,1488.024468,3430.089909,2724.466055
F,201208,201210,Chrysler,uveh09x2u,0,0,30,976.029633,356.1999768,1525.720861,828.6350792
F,201208,201210,Chrysler,uveh09x5u,0,0,70,290.1509677,71.96490547,1908.000975,425.6838768
F,201208,201210,Chrysler,uveh09x6u,0,0,70,6.489145161,1.912852059,45.01632576,2.375096277
F,201208,201210,Chrysler,uveh09x8u,0,0,30,43.018,31.69231289,197.4564163,40.60370988
F,201208,201210,Chrysler,uveh09x9u,0,0,30,0,0,0,0.00427899
F,201208,201210,Chrysler,uveh11p,0,0,30,0.232687829,0.094354871,0.434360925,0.42158444
F,201208,201210,Chrysler,uveh12p,0,0,30,0.205353973,0.094354871,0.394414652,0.382356895
F,201208,201210,Chrysler,uveh13p,0,0,30,0.025355264,0.014538778,0.056853193,0.039227545
F,201208,201210,Chrysler,uveh14p,0,0,30,0.493395659,0.712734116,0.744401464,0.243370392
F,201208,201210,Chrysler,uveh14x11p,0,0,30,0.027731283,0.031856972,0.052456753,0.011215588
F,201208,201210,Chrysler,uveh15p,0,0,30,0.090925385,0.000133376,0.278726332,0.035587683
F,201208,201210,Chrysler,uveh16p,0,0,30,0.493395659,0.712734116,0.744401464,0.207782709
F,201208,201210,Chrysler,uveh16x1p,0,0,30,0.027731283,0.031856972,0.052456753,0.00957555
F,201208,201210,Chrysler,uveh17p,0,0,30,0.473720724,0.712734116,0.724428885,0.192482168
F,201208,201210,Chrysler,uveh18p,0,0,30,0.008886894,0.013957589,0.037631048,-0.002826973
F,201208,201210,Chrysler,uveh18u,0,0,30,2427.760614,4640.329733,0,-742.0721091
F,201208,201210,Chrysler,uveh18x1,0,0,30,0.219138755,0.358125603,0.572189491,-0.061343321
F,201208,201210,Chrysler,uveh18x10p,0,0,30,0.780861245,0.412317995,0.966124879,1.061343321
F,201208,201210,Chrysler,uveh18x7p,0,0,30,0.526279276,0.27453933,0.683463359,1.061343321
F,201208,201210,Chrysler,uveh18x8p,0,0,30,0.030948698,0.006034713,0.041541768,0.037214006
F,201208,201210,Chrysler,uveh19,0,0,30,0.070258881,0.22125603,0.396959039,-0.010967129
F,201208,201210,Chrysler,uveh19x11,0,0,30,0.057741257,0.155311966,0.307195753,0.462249626
F,201208,201210,Chrysler,uveh19x2,0,0,30,27.04999305,8.066619318,51.08524831,24.65764527
F,201208,201210,Chrysler,uveh19x7,0,0,30,5.400562561,2.083952844,6.892634183,9.451019268
F,201208,201210,Chrysler,uveh19x9,0,0,30,0.057741257,0.155311965,0.307195754,0.462249626
F,201208,201210,Chrysler,uveh22x1,0,0,30,0.559449044,0.685789673,0.784398372,0.319258671
F,201208,201210,Chrysler,uveh22x2,0,0,30,0.230723209,0.127733177,0.670072846,0.374647598
F,201208,201210,Chrysler,uveh22x21,0,0,30,13,3.667,43.66675,27.143
F,201208,201210,Chrysler,uveh22x22,0,0,30,4.333,1.333,13.08325,31.85210204
F,201208,201210,Chrysler,uveh22x25,0,0,30,3.333,0.667,8.75,5.523857143
F,201208,201210,Chrysler,uveh22x26,0,0,30,6.333,1.333,12.33325,20.499875
F,201208,201210,Chrysler,uveh22x5,0,0,30,0.187280899,0.085761169,0.366552505,0.064972158
F,201208,201210,Chrysler,uveh22x6,0,0,30,0.623672463,0.175944798,1.013388295,0.241121573
F,201208,201210,Chrysler,uveh24,0,0,30,0.611464968,0.815789474,0.966238698,0.685136324
F,201208,201210,Chrysler,uveh24x11p,0,0,30,0.008886894,0.027410929,0.039004322,0.00957555
F,201208,201210,Chrysler,uveh51x2,0,0,30,125061.6332,166673.3325,192654.0607,158828.0819
F,201208,201210,Chrysler,uveh51x3,0,0,30,17928.07847,23373.98089,47580.75218,-9743.042084
F,201208,201210,Chrysler,uveh51x8,0,0,30,4.333,1.333,7.142714286,4.564
F,201208,201210,Chrysler,uveh52x8,0,0,30,1.334,1,4.075,2.9945
F,201208,201210,Chrysler,uveh53x2,0,0,30,83336.66625,94874.34241,116850.9318,98918.68827
F,201208,201210,Chrysler,uveh53x3,0,0,30,8913.661932,16912.46652,27192.19109,-6068.000892
F,201208,201210,Chrysler,uveh54,0,0,30,3820.679728,6193.116294,7447.88192,7048.462717
F,201208,201210,Chrysler,uveh55,0,0,30,587.4938625,1764.740836,3409.44058,-432.3761142
F,201208,201210,Chrysler,uveh56x1,0,0,30,8,9.789473684,12.66967744,13.12950853
F,201208,201210,Chrysler,uveh63,0,0,30,0.073509833,0.043896963,0.124799294,0.083255421
F,201208,201210,Chrysler,is71,0,0,30,0.311978684,0.382313528,0.39464278,0.314131117
F,201208,201210,Chrysler,mb01,0,0,30,1.043936963,1.020816482,1.073871327,0
F,201208,201210,Chrysler,mb01xnew ,0,0,30,1.096918411,1.083355818,1.126630961,0
F,201208,201210,Chrysler,mb01xused ,0,0,30,1.020159269,1.01432354,1.033689387,0
F,201208,201210,Chrysler,bs21x6,0,0,30,0.373500103,0.656381838,0.793272953,0
F,201208,201210,Chrysler,ab01x1111,0,0,30,0.162414943,0.088151843,0.309829453,0.095419642
F,201208,201210,Chrysler,ab01x1112,0,0,30,0.043974435,0.015542728,0.071816145,0.043802124
F,201208,201210,Chrysler,nveh011u,0,0,30,0.555555556,1.125,1.695027148,0.529854203
F,201208,201210,Chrysler,uveh24x11,0,0,30,0.28323281,0.428722409,0.469232275,0.334901021
F,201208,201210,Chrysler,fi03x4u,0,0,30,3447.754868,5160.202333,6022.985254,81445.07462
F,201208,201210,Chrysler,fi02x4u,0,0,30,6339.070588,8994.818182,9221.517935,162617.3041
F,201208,201210,Chrysler,serv35,0,0,30,460.822031,473.3012537,474.4457722,320.9258601
F,201208,201210,Chrysler,part50x1,0,0,30,671105.0664,929085.1775,759001.253,1102750.762
F,201208,201210,Chrysler,is15x41p,0,0,30,0.012940103,0.01184138,0.017641753,0.010571016
F,201208,201210,Chrysler,is16x2p,0,0,30,0.017004201,0.010701026,0.03334329,0.022254767
F,201208,201210,Chrysler,prod53x11,0,0,30,519.3281142,557.1481023,0,37.44850373
F,201208,201210,Chrysler,nveh22x11p,0,0,30,0.392670157,0.392670157,0.513001745,0.364223386
F,201208,201210,Chrysler,nveh22x12p,0,0,30,0.240837696,0.240837696,0.240837696,0.270418848
F,201208,201210,Chrysler,nveh22x13p,0,0,30,0.366492147,0.366492147,0.246160558,0.365357766
F,201208,201210,Chrysler,prod53x33,0,0,30,29.93925195,52.00540212,0,1.449819943
F,201208,201210,Chrysler,prod53x23,0,0,30,38.8202858,53.15298435,40.40094287,2.153588338
F,201208,201210,Chrysler,prod54x1,0,0,30,19.36707134,13.99232282,40.47306375,81.75692699
F,201208,201210,Chrysler,prod58,0,0,30,25.82388115,27.64072841,34.75615652,24.20703769
F,201208,201210,Chrysler,prod55x1,0,0,30,1.484696262,2.334898209,1.547404941,0.937176189
F,201208,201210,Chrysler,prod55x2,0,0,30,3.074600934,3.747401218,3.695163323,1.392098185
F,201208,201210,Chrysler,serv82x3,0,0,30,1219.360512,2793.826586,1219.360512,22842.79074
F,201208,201210,Chrysler,ra02x1,0,0,30,0.454482492,0.730954968,0,0.529340812
F,201208,201210,Chrysler,ra02x3,0,0,30,0,0,0,0
F,201208,201210,Chrysler,ra01x1111,0,0,30,0.397216546,0.655314498,0,0.489602374
